Instance ID,exact_solution_Status,exact_solution_Computing_time,exact_solution_Obj,exact_solution_Cmax,exact_solution_Delay,exact_solution_Gap,basic_gnn_solution_Computing_time,basic_gnn_solution_dev_Obj,basic_gnn_solution_dev_Cmax,basic_gnn_solution_dev_Delay,basic_gnn_solution_improved_Computing_time,basic_gnn_solution_improved_dev_Obj,basic_gnn_solution_improved_dev_Cmax,basic_gnn_solution_improved_dev_Delay,basic_gnn_solution_improved_beam_Computing_time,basic_gnn_solution_improved_beam_dev_Obj,basic_gnn_solution_improved_beam_dev_Cmax,basic_gnn_solution_improved_beam_dev_Delay,gnn_solution_Computing_time,gnn_solution_dev_Obj,gnn_solution_dev_Cmax,gnn_solution_dev_Delay,gnn_solution_improved_Computing_time,gnn_solution_improved_dev_Obj,gnn_solution_improved_dev_Cmax,gnn_solution_improved_dev_Delay,heuristic_solution_Computing_time,heuristic_solution_dev_Obj,heuristic_solution_dev_Cmax,heuristic_solution_dev_Delay,TS_solution_Computing_time,TS_solution_dev_Obj,TS_solution_dev_Cmax,TS_solution_dev_Delay
1,optimal,6.0842344760894775,781.0,285,496,0.0,0.0734951496124267,0.08322663252134153,0.045614035086118804,0.10483870967530567,0.0807349681854248,0.08322663252134153,0.045614035086118804,0.10483870967530567,0.5687737464904785,0.31113956465670756,0.18245614034447522,0.3850806451535266,0.1467499732971191,0.14724711907621962,0.1438596491177593,0.14919354838408883,0.1508622169494629,0.14724711907621962,0.1438596491177593,0.14919354838408883,0.0004990100860595,0.3265044814298783,0.2807017543761157,0.35282258063804794,0.1290600299835205,0.07682458386585372,0.07368421052373038,0.07862903225647926
2,optimal,5.73504638671875,712.0,314,398,0.0,0.084568977355957,0.08707865168417024,0.009554140127084262,0.1482412060264261,0.0955009460449218,0.08707865168417024,0.009554140127084262,0.1482412060264261,0.6409480571746826,0.48314606740894456,0.17197452228751672,0.7286432160620944,0.1633608341217041,0.6460674157212631,0.19108280254168525,1.0050251256028888,0.1690437793731689,0.5617977528010983,0.09235668789514788,0.9321608039966793,0.0006690025329589,0.6067415730251862,0.27388535030974887,0.8693467336464988,0.2444946765899658,0.3679775280847194,0.1878980891659905,0.510050251243466
3,optimal,7.650988340377808,662.0,300,362,0.0,0.0899672508239746,0.1253776435026378,0.06333333333122222,0.1767955801056134,0.1180999279022216,0.1253776435026378,0.06333333333122222,0.1767955801056134,0.7258710861206055,0.23716012084233898,0.10333333332988888,0.34806629833292635,0.1714670658111572,0.36555891238118493,0.07333333333088889,0.607734806613046,0.1840431690216064,0.37915407854412153,0.02666666666577778,0.6712707182135008,0.0011799335479736,0.886706948627089,0.36999999998766664,1.3149171270354996,0.2138590812683105,0.10574018126728489,0.07999999999733333,0.12707182320090962
4,optimal,10.714427947998049,746.0,296,450,0.0,0.0877060890197753,0.08042895442251435,0.06756756756528488,0.08888888888691358,0.0998129844665527,0.08042895442251435,0.06756756756528488,0.08888888888691358,0.7118408679962158,0.17962466487694873,0.06418918918702063,0.2555555555498765,0.1708078384399414,0.2211796246619145,0.03716216216090668,0.3422222222146173,0.1938879489898681,0.21179624664595448,0.1317567567523055,0.2644444444385679,0.0010187625885009,0.3123324396740974,0.1993243243175904,0.3866666666580741,0.2098000049591064,0.16353887399244585,0.01689189189132122,0.25999999999422224
5,optimal,2167.433125734329,1379.0,445,934,0.0,0.1281039714813232,0.10369833212397608,0.10561797752571644,0.10278372590896377,0.1472210884094238,0.05293691080454723,0.011235955055927282,0.07280513918551601,0.9869279861450196,0.22335025380548695,0.20898876404024744,0.23019271948361678,0.253504991531372,0.3226976069592263,0.06067415730200732,0.4475374732286131,0.2709319591522217,0.2741116751249158,0.053932584268450955,0.3790149892893039,0.0013482570648193,0.7773749093489676,0.32134831459952024,0.9946466809315349,0.4185042381286621,0.2617839013759117,0.24494382021921474,0.2698072805110299
6,optimal,122.16107702255248,1188.0,429,759,0.0,0.1101660728454589,0.04713804713765036,0.03030303030232394,0.05665349143535371,0.1235308647155761,0.04713804713765036,0.03030303030232394,0.05665349143535371,0.8323068618774414,0.08585858585786316,0.0,0.13438735177688554,0.213994026184082,0.0850168350161194,0.05594405594275188,0.10144927536098222,0.2484200000762939,0.0850168350161194,0.05594405594275188,0.10144927536098222,0.0008177757263183,0.41666666666315944,0.24009324008764352,0.516469038201364,0.3088111877441406,0.15319865319736367,0.11188811188550377,0.17654808958924179
7,feasible,86405.94891095161,1653.0,486,1167,0.2109890109874653,0.1505770683288574,0.1464004839676564,0.057613168723094375,0.18337617823321872,0.1745929718017578,0.13672111312681962,0.04320987654232079,0.17566409597107402,1.1610660552978516,0.2758620689638484,0.11934156378355264,0.34104541559262175,0.2847781181335449,0.2558983666046225,0.18518518518137478,0.2853470436993544,0.3117499351501465,0.23895946763315815,0.13991769547037206,0.28020565552459126,0.0014808177947998,0.43436176648255076,0.20370370369951227,0.5304198800297308,0.5209050178527832,0.18995765275142193,0.1563786008198276,0.2039417309322713
8,feasible,86403.9781126976,1959.0,526,1433,0.1879927228612007,0.1361737251281738,0.029096477794644738,0.09125475284997614,0.006280530355852893,0.2712728977203369,0.029096477794644738,0.09125475284997614,0.006280530355852893,1.1265170574188232,0.19908116385809557,0.1292775665374662,0.2247034193982924,0.2518517971038818,0.07197549770254225,0.11596958174684469,0.05582693649647016,0.2813498973846435,0.044410413476036706,0.11596958174684469,0.0181437543613528,0.0013270378112792,0.2710566615606378,0.14638783269683672,0.31681786461746814,0.4943380355834961,0.07963246554323823,0.03231939163436655,0.0969993021626169
9,optimal,163.4642083644867,811.0,406,405,0.0,0.1237730979919433,0.25277435264793124,0.04187192118123468,0.46419753085273585,0.1380002498626709,0.2404438964212029,0.029556650245577423,0.451851851840695,0.9037292003631592,0.32799013563097423,0.14532019704075566,0.511111111098491,0.255814790725708,0.33045622687631987,0.029556650245577423,0.6320987654164913,0.4191322326660156,0.33045622687631987,0.029556650245577423,0.6320987654164913,0.0014629364013671,0.49568434031447983,0.1699507389120702,0.8222222222019204,0.3459756374359131,0.13070283600332055,-0.004926108374262904,0.2666666666600823
10,optimal,305.3470079898834,1183.0,441,742,0.0,0.1177911758422851,0.045646661030890566,0.01587301587265594,0.06334231805844552,0.2298941612243652,0.045646661030890566,0.01587301587265594,0.06334231805844552,0.91961407661438,0.46491969568499647,0.09977324262812305,0.6819407007994348,0.2217509746551513,0.11411665257722642,0.06349206349062377,0.1442048517500781,0.2672200202941894,0.11411665257722642,0.06349206349062377,0.1442048517500781,0.0015807151794433,0.13863060016788986,0.09977324262812305,0.16172506738326517,0.2640190124511719,0.05409974640698141,0.018140589568749647,0.07547169811219041
11,optimal,47.65599346160889,859.0,357,502,0.0,0.0972299575805664,0.08265424912592952,0.008403361344302427,0.1354581673279789,0.1071441173553466,0.08265424912592952,0.008403361344302427,0.1354581673279789,0.7039711475372314,0.22118742723840293,0.011204481792403236,0.3705179282794718,0.1811461448669433,0.06984866123317987,0.005602240896201618,0.11553784860327614,0.1979961395263672,0.06984866123317987,0.005602240896201618,0.11553784860327614,0.2687411308288574,0.29685681024101446,0.1260504201645364,0.4183266932187584,0.2209267616271972,0.07566938300261153,0.02521008403290728,0.11155378485833559
12,optimal,12241.21654009819,1564.0,462,1102,0.0,0.1240711212158203,0.03900255754450766,0.03030303030237439,0.042649727767308084,0.1408638954162597,0.03900255754450766,0.03030303030237439,0.042649727767308084,0.9978349208831788,0.16751918158460666,0.08658008657821255,0.20145190562430626,0.2356350421905517,0.10997442455172651,0.13636363636068477,0.09891107077950173,0.2652809619903564,0.022378516623897837,0.03246753246682971,0.01814882032651408,0.0011768341064453,0.5204603580529382,0.2792207792147355,0.6215970961831072,0.3623969554901123,0.19373401534402984,0.14718614718296133,0.2132486388365404
13,optimal,3.904282331466675,878.0,384,494,0.0,0.0968062877655029,0.24487471525916998,0.10156249999735514,0.35627530363651266,0.1038119792938232,0.11389521639961395,0.039062499998982744,0.17206477732445213,0.6935920715332031,0.4794988610423747,0.13802083332973905,0.7449392712399809,0.1801397800445556,0.0432801822318533,0.0,0.07692307692151977,0.1879010200500488,0.0432801822318533,0.0,0.07692307692151977,0.0010356903076171,0.2164009111592665,0.10156249999735514,0.3056680161881444,0.1940269470214843,0.0,0.0,0.0
14,optimal,184.57472229003903,1112.0,392,720,0.0,0.1049170494079589,0.16187050359566665,0.07142857142674927,0.211111111108179,0.1191029548645019,0.13938848920737962,0.08928571428343658,0.16666666666435184,0.7760698795318604,0.1879496402860796,0.1275510204049094,0.2208333333302662,0.2135863304138183,0.17805755395523332,0.020408163264785506,0.26388888888522377,0.2222480773925781,0.14208633093397405,0.012755102040490941,0.2124999999970486,0.0011811256408691,0.46043165467211844,0.2602040816260152,0.5694444444365355,0.2073931694030761,0.09442446043080555,0.08163265305914202,0.10138888888748071
15,optimal,48.937819957733154,1188.0,345,843,0.0,0.0814080238342285,0.10016835016750701,0.040579710143751314,0.12455516014087123,0.0946409702301025,0.049663299662881626,0.01159420289821466,0.06524317912140874,0.6347928047180176,0.20791245791070784,0.10434782608393195,0.25029655990213173,0.1494929790496826,0.020202020201850152,0.055072463766519635,0.005931198101946249,0.1645429134368896,0.010942760942668833,0.09275362318571728,-0.022538552787395746,0.0008139610290527,0.466329966326041,0.16231884057500526,0.5907473309538465,0.2521760463714599,0.05892255892206295,0.020289855071875657,0.07473309608452273
16,optimal,2.853031635284424,903.0,302,601,0.0,0.0676648616790771,0.1616832779605572,0.10264900661911758,0.19134775374057658,0.0746362209320068,0.1107419712058611,0.09933774834108153,0.11647254575513356,0.577908992767334,0.21262458471525333,0.09933774834108153,0.2695507487475948,0.128263235092163,0.1096345514938025,0.013245033112144203,0.15806988352482412,0.1336019039154052,0.10852713178174389,0.009933774834108153,0.15806988352482412,0.0004758834838867,0.34219269102611083,0.1490066225116223,0.43926788684793233,0.2134091854095459,0.026578073089406667,0.0,0.03993344425890294
17,optimal,11.442050695419312,533.0,299,234,0.0,0.0865471363067627,0.21013133207860918,0.07357859531526492,0.38461538459894806,0.1956160068511963,0.1538461538432674,0.056856187289068355,0.2777777777659069,0.6306900978088379,0.07317073170594426,-0.05016722407858972,0.23076923075936884,0.159250259399414,0.054409005627497016,0.01337792642095726,0.10683760683304112,0.1674818992614746,0.026266416509826147,-0.003344481605239315,0.06410256409982468,0.00095796585083,0.2514071294511931,0.07692307692050425,0.4743589743387026,0.1490969657897949,0.0,0.0,0.0
18,feasible,86403.08667898178,1742.0,485,1257,0.2532374100701206,0.1427180767059326,0.05396096440841584,0.06804123711199915,0.04852824184527822,0.166623830795288,0.05396096440841584,0.06804123711199915,0.04852824184527822,1.1468172073364258,0.32721010332762795,0.07835051546230205,0.42322991248668873,0.2789204120635986,0.08208955223833474,0.035051546391029864,0.10023866348368944,0.3044102191925049,0.08208955223833474,0.035051546391029864,0.10023866348368944,0.0031297206878662,0.3318025258304719,0.23711340205696674,0.3683373110551445,0.4501311779022217,0.1544202066581262,0.11134020618327134,0.17104216388089866
19,optimal,1331.344038248062,1222.0,415,807,0.0,0.1119539737701416,0.11947626841146093,0.07951807228724053,0.14002478314572459,0.1340067386627197,0.07692307692244744,0.04096385542069966,0.0954151177187681,0.9491450786590576,0.22913256955622643,0.04819277108317608,0.3221809169724637,0.2055070400238037,0.1080196399336496,0.08915662650387574,0.11771995043224634,0.2482612133026123,0.09083469721693262,0.0650602409622877,0.10408921932956519,0.001094102859497,0.32815057282873855,0.14216867469536942,0.42379182155608686,0.2577319145202636,0.14566284778931538,0.10602409638298736,0.1660470879781159
20,feasible,86405.72500777245,1821.0,512,1309,0.2396187882897235,0.1492178440093994,0.05436573311337526,0.007812499999847412,0.0725744843386358,0.1703920364379882,0.05436573311337526,0.007812499999847412,0.0725744843386358,1.1408898830413818,0.3937397034574754,0.11523437499774933,0.5026737967876037,0.2802047729492187,0.12630422844521524,0.017578124999656677,0.16883116882987909,0.3028600215911865,0.1252059308065612,0.029296874999427795,0.16271963330662553,0.0032329559326171,0.8066996155913966,0.31445312499385836,0.9992360580519539,0.4741280078887939,0.2289950576593685,0.08593749999832154,0.28495034377169637
21,optimal,24287.68381094933,1276.0,446,830,0.0,0.1147940158843994,0.12774294670746283,0.07399103138847554,0.15662650602220932,0.1334519386291504,0.11990595611191297,0.06278026905688833,0.15060240963673974,0.8996407985687256,0.3761755485863936,0.04932735425898369,0.5518072289090143,0.2360310554504394,0.10344827586125825,0.04708520179266625,0.13373493975742487,0.2564222812652588,0.08620689655104855,0.008968609865269763,0.1277108433719553,0.0016219615936279,0.21551724137762135,0.11883408071482435,0.26746987951484974,0.4539101123809814,0.061128526645288964,0.04932735425898369,0.0674698795172594
22,optimal,29.673950910568237,1437.0,498,939,0.0,0.1044642925262451,0.3013221990236512,0.11044176706605538,0.40255591053884393,0.1235189437866211,0.25539318023482677,0.09036144578131804,0.3429179978664226,0.7880239486694336,0.26304801669963085,0.05823293172573829,0.37167199147634,0.2020649909973144,0.0,0.0,0.0,0.2168860435485839,0.0,0.0,0.0,0.0006279945373535,0.3660403618624493,0.13654618473621394,0.48775292864230296,0.2120048999786377,0.13639526791832712,0.01405622489931614,0.20127795526942197
23,optimal,80.16252183914185,875.0,380,495,0.0,0.0986709594726562,0.05599999999936,0.002631578947299169,0.09696969696773798,0.1111750602722168,0.05599999999936,0.002631578947299169,0.09696969696773798,0.7095081806182861,0.1611428571410155,0.034210526314889196,0.2585858585806346,0.1927289962768554,0.11542857142725224,-0.007894736841897506,0.21010101009676563,0.2109229564666748,0.11542857142725224,-0.007894736841897506,0.21010101009676563,0.0008628368377685,0.5805714285647935,0.22105263157313018,0.8565656565483522,0.2976861000061035,0.06057142857073632,0.013157894736495845,0.09696969696773798
24,optimal,1205.3111221790314,1643.0,510,1133,0.0,0.1438488960266113,0.09433962264093525,0.06470588235167243,0.10767872903700196,0.1708958148956298,0.07608034083946391,0.05490196078323722,0.08561341570974747,1.1847307682037354,0.21972002434437177,0.06470588235167243,0.28949691085357904,0.2754161357879638,0.07242848447916964,0.045098039214801995,0.08473080317665728,0.4705522060394287,0.07242848447916964,0.045098039214801995,0.08473080317665728,0.0025470256805419,0.6311625076041926,0.19215686274133026,0.828773168571679,1.341970920562744,0.21667681071079323,0.09019607842960399,0.2736098852579558
25,optimal,105.96957492828368,789.0,300,489,0.0,0.0950438976287841,0.09759188846517627,0.08666666666377777,0.10429447852547455,0.1064770221710205,0.09759188846517627,0.08666666666377777,0.10429447852547455,0.8386087417602539,0.4207858048108899,0.21333333332622223,0.5480572597024937,0.1869237422943115,0.04055766793357975,0.059999999998,0.028629856850130267,0.1908690929412841,0.04055766793357975,0.059999999998,0.028629856850130267,0.0011281967163085,0.19138149556157943,0.18999999999366665,0.19222903885087467,0.2472231388092041,0.08365019011300824,0.08666666666377777,0.0817995910003722
26,optimal,24.28082060813904,853.0,319,534,0.0,0.0912060737609863,0.07620164126522624,0.05015673981033991,0.0917602996237498,0.1033217906951904,0.07620164126522624,0.05015673981033991,0.0917602996237498,0.7263538837432861,0.27080890972718863,0.141065830716581,0.34831460673505027,0.1830980777740478,0.2004689331746721,0.23510971786096835,0.17977528089550981,0.1884231567382812,0.17702227432383327,0.2194357366702371,0.15168539325558641,0.0008890628814697,0.5228604923737062,0.2194357366702371,0.7041198501740802,0.2936100959777832,0.16060961312824606,0.1128526645732648,0.1891385767754843
27,optimal,84.87328362464905,1560.0,465,1095,0.0,0.1027069091796875,0.07115384615339004,0.1118279569868424,0.053881278538320726,0.1127679347991943,0.03910256410231345,0.049462365590334144,0.034703196346715044,0.8430740833282471,0.2589743589726989,0.12688172042737889,0.3150684931478076,0.1914076805114746,0.12115384615306954,0.11827956988992946,0.12237442922262673,0.2033760547637939,0.046153846153550296,0.02150537634362354,0.05662100456569297,0.0010910034179687,0.32820512820302433,0.19354838709261185,0.3853881278503618,0.2951729297637939,0.2128205128191486,0.13118279569610358,0.2474885844726257
28,optimal,22511.513023853306,1204.0,418,786,0.0,0.1100809574127197,0.14784053156023388,0.10047846889711774,0.17302798981968157,0.1230781078338623,0.12873754152716996,0.09330143540446648,0.14758269719914016,0.8476438522338867,0.16196013288902028,0.12679425837017239,0.180661577605844,0.2107081413269043,0.15614617940069647,0.10047846889711774,0.18575063612995227,0.2274239063262939,0.07724252491630199,0.01913875598040338,0.10814249363730098,0.0016260147094726,0.33637873753873443,0.19617224879913464,0.41094147582174373,0.3594799041748047,0.11794019933456862,0.08133971291671437,0.1374045801509236
29,optimal,15.6136736869812,1323.0,445,878,0.0,0.1026060581207275,0.05971277399803695,-0.004494382022370912,0.0922551252836873,0.1206049919128418,0.05215419501094366,-0.015730337078298195,0.0865603644637066,0.843817949295044,0.1942554799682974,0.07415730336912006,0.25512528473513524,0.2055160999298095,0.1330309901728418,0.026966292134225477,0.18678815489536688,0.2160308361053466,0.11413454270510859,0.004494382022370912,0.16970387243542479,0.0012989044189453,0.4232804232772239,0.06516853932437823,0.6047835990819501,0.2449240684509277,0.042328042327722394,0.004494382022370912,0.06150341685579153
30,optimal,20.142629861831665,889.0,361,528,0.0,0.094167947769165,0.08773903261993544,0.060941828253159504,0.10606060605859734,0.1078712940216064,0.08773903261993544,0.060941828253159504,0.10606060605859734,0.6963992118835449,0.2958380202441413,0.058171745150743165,0.45833333332465276,0.1814370155334472,0.1563554555662952,0.060941828253159504,0.22159090908671228,0.1934940814971923,0.1563554555662952,0.060941828253159504,0.22159090908671228,0.0008192062377929,0.46456692912863257,0.17728531855464583,0.6609848484723299,0.3083388805389404,0.12935883014477662,0.03878116343382878,0.1912878787842559
31,optimal,2.7228620052337646,1124.0,395,729,0.0,0.0891640186309814,0.1476868327388996,0.09873417721269027,0.17421124828293263,0.0969960689544677,0.09163701067534132,0.0075949367086684825,0.13717421124640364,0.6357231140136719,0.20462633451775245,0.13164556961692037,0.2441700960185985,0.1663711071014404,0.1583629893224345,0.015189873417336965,0.23593964334381426,0.1813969612121582,0.1583629893224345,0.015189873417336965,0.23593964334381426,0.0009946823120117,0.5827402135179472,0.3139240506249639,0.7283950617184034,0.2304849624633789,0.04359430604943422,0.012658227847780805,0.060356652948417605
32,optimal,1995.6335229873655,1304.0,448,856,0.0,0.1082539558410644,0.1434049079743604,0.12499999999720982,0.15303738317578228,0.1257920265197754,0.06134969325106327,0.020089285713837293,0.0829439252326759,0.8773617744445801,0.22699386502893412,0.03571428571348852,0.32710280373449646,0.2266690731048584,0.0590490797541484,0.07142857142697703,0.05257009345732979,0.2389321327209472,0.05598159509159524,0.02678571428511639,0.07126168224215816,0.0014650821685791,0.3865030674816986,0.22544642856639627,0.47079439251786454,0.3176681995391845,0.13573619631797748,0.10714285714046556,0.15070093457767872
33,optimal,142.7001919746399,1141.0,375,766,0.0,0.1240038871765136,0.13234005258429152,0.10399999999722666,0.14621409921480139,0.1396989822387695,0.08939526730859426,0.05866666666510222,0.1044386422962867,0.8438169956207275,0.30324276949778056,0.10399999999722666,0.40078328981200023,0.2210478782653808,0.11919368974479236,0.1333333333297778,0.11227154046850821,0.2473690509796142,0.11744084136619247,0.09066666666424888,0.13054830287035837,0.0014269351959228,0.5056967572260676,0.3946666666561422,0.5600522193138374,0.2616379261016845,0.15337423312749016,0.15733333332913776,0.15143603132961572
34,optimal,167.18313336372375,1330.0,448,882,0.0,0.1169779300689697,0.053383458646215166,0.0959821428550004,0.03174603174567181,0.1330511569976806,0.053383458646215166,0.0959821428550004,0.03174603174567181,0.8588199615478516,0.15187969924697836,0.1651785714248844,0.14512471655164258,0.2230441570281982,0.06090225563863984,0.07812499999825613,0.05215419501074655,0.2365970611572265,0.0037593984962123357,-0.022321428570930325,0.017006802720895615,0.0012040138244628,0.5383458646576065,0.33482142856395486,0.6417233560017945,0.3622529506683349,0.1323308270666742,0.11607142856883769,0.14058956915940374
35,optimal,460.596373796463,1453.0,444,1009,0.0,0.1257631778717041,0.0495526496899549,0.13513513513209155,0.011892963329911863,0.1435048580169677,0.0495526496899549,0.13513513513209155,0.011892963329911863,0.9813888072967528,0.2766689607689149,0.14639639639309918,0.3339940535150248,0.2354698181152343,0.11906400550503053,0.1576576576541068,0.10208126858174349,0.2557251453399658,0.11493461803086763,0.12387387387108392,0.1110009910791774,0.0011289119720458,0.4205092911189229,0.3310810810736243,0.45986124875659207,0.2587580680847168,0.13833448038445745,0.14639639639309918,0.13478691773900112
36,optimal,38736.47899842262,1572.0,514,1058,0.0,0.1418540477752685,0.09860050890522519,-0.001945525291790943,0.1474480151214797,0.1662080287933349,0.09860050890522519,-0.001945525291790943,0.1474480151214797,1.0402448177337646,0.19783715012596798,0.003891050583581886,0.2920604914906233,0.2921688556671142,0.16030534351043063,0.052529182878355465,0.21266540642521112,0.3096940517425537,0.17493638676733503,0.013618677042536602,0.2533081285420293,0.0020580291748046,0.47709923663818643,0.1848249027201396,0.6190926275933923,0.798069953918457,0.24427480915875144,0.062256809337310176,0.33270321360744143
37,optimal,10.21049451828003,725.0,296,429,0.0,0.0863270759582519,0.06620689655081094,0.0,0.11188811188550377,0.0938348770141601,0.05655172413715101,0.11148648648272005,0.01864801864758396,0.7246968746185303,0.1641379310322188,0.09459459459139882,0.21212121211626755,0.1744101047515869,0.2386206896518811,0.04391891891743517,0.3729603729516792,0.1855790615081787,0.2386206896518811,0.04391891891743517,0.3729603729516792,0.0006201267242431,0.3034482758578835,0.27027027026113953,0.3263403263327193,0.1742479801177978,0.11310344827430202,0.1689189189132122,0.07459207459033584
38,optimal,13128.62275648117,1560.0,502,1058,0.0,0.1151020526885986,0.09935897435833745,0.06772908366398946,0.11436672967755798,0.129396915435791,0.1288461538453279,0.049800796811756955,0.16635160680372071,0.986135959625244,0.08974358974301447,0.05776892430163807,0.10491493383643749,0.2330963611602783,0.4512820512791585,0.1832669322672656,0.5784499054765743,0.2358269691467285,0.3448717948695842,0.14342629481786004,0.44045368619621506,0.0006899833679199,0.6365384615343812,0.16135458167009253,0.8620037807101891,0.3126540184020996,0.0,0.0,0.0
39,optimal,193.10072469711304,1590.0,494,1096,0.0,0.1208150386810302,0.07924528301836953,0.09514170040293235,0.07208029197014526,0.1411089897155761,0.07295597484230845,0.0850202429132587,0.06751824817456645,0.9693689346313475,0.3075471698093865,0.10931174088847546,0.3968978102153568,0.2366971969604492,0.1440251572317986,0.1437246963533659,0.14416058394029052,0.4338219165802002,0.134591194967707,0.13360323886369224,0.1350364963491329,0.0013482570648193,0.5018867924496737,0.23886639675629825,0.6204379561987187,0.3743929862976074,0.09999999999937108,0.14170040485543117,0.08120437956130289
40,optimal,838.7060205936432,1553.0,472,1081,0.0,0.1136069297790527,0.022537025112540007,0.008474576271006895,0.028677150786043694,0.1299281120300293,0.022537025112540007,0.008474576271006895,0.028677150786043694,0.8911619186401367,0.12363168061736232,0.027542372880772405,0.16558741905489746,0.2177770137786865,0.05988409529903488,0.02966101694852413,0.07308048103540167,0.3991150856018066,0.03412749517041773,0.008474576271006895,0.045328399629552936,0.0011918544769287,0.6355441081736283,0.1080508474553379,0.8658649398624805,0.3728899955749511,0.009658725048231433,0.0,0.013876040702924367
41,optimal,402.6363625526428,1909.0,553,1356,0.0,0.1293399333953857,0.09586170769986453,0.05605786618343476,0.11209439527940934,0.1464319229125976,0.09062336301681183,0.04701627486352593,0.10840707964521824,1.0432462692260742,0.28391828182145673,0.08679927667112479,0.36430678465808036,0.245985746383667,0.11733892090038063,0.10669077757492422,0.1216814159283062,0.2702651023864746,0.11681508643207536,0.10488245931094245,0.1216814159283062,0.0018329620361328,0.39392352016556353,0.18987341771808547,0.4771386430643279,0.5663869380950928,0.20167627029752921,0.12658227847872364,0.2323008849540391
42,optimal,12262.991878271105,1675.0,504,1171,0.0,0.1387290954589843,0.16716417910347964,0.09523809523620559,0.1981212638753363,0.161679983139038,0.16597014925274048,0.11904761904525699,0.18616567036561774,0.9891209602355956,0.19880597014806684,0.041666666665839944,0.2664389410737281,0.2603349685668945,0.09850746268597907,0.09920634920438083,0.09820666097268825,0.2882232666015625,0.07820895522341369,0.03769841269766471,0.09564474807774856,0.0017871856689453,0.4537313432808733,0.23611111110642635,0.5473953885521146,0.5284900665283203,0.19582089552121898,0.1091269841248189,0.23313407343951212
43,optimal,2379.509948015213,1268.0,415,853,0.0,0.1212873458862304,0.2381703470012763,0.07469879517892292,0.31770222742886634,0.1441221237182617,0.2381703470012763,0.07469879517892292,0.31770222742886634,0.9902231693267822,0.18927444794803414,0.01204819277079402,0.2754982414973564,0.2391269207000732,0.16719242902076348,0.09156626505803454,0.20398593200229795,0.2539870738983154,0.14747634069284327,0.07951807228724053,0.1805392731514591,0.016233205795288,0.5867507886389058,0.17349397589943388,0.7878077373881851,0.3613152503967285,0.17271293375258115,0.07228915662476411,0.22157092614042706
44,optimal,32.098289489746094,1730.0,554,1176,0.0,0.1117501258850097,0.01271676300570684,0.0,0.018707482993038205,0.1298348903656005,0.01271676300570684,0.0,0.018707482993038205,0.842771053314209,0.07745664739839621,0.02527075812228753,0.10204081632566293,0.2147290706634521,0.09421965317864614,0.039711191335023266,0.11989795918265395,0.2314600944519043,0.06242774566437903,0.021660649819103598,0.08163265306053034,0.0008678436279296,0.46531791907245484,0.10649819494392603,0.6343537414912045,0.2964231967926025,0.12947976878537873,0.02527075812228753,0.17857142856991012
45,feasible,86403.6414308548,1214.0,451,763,0.344407530450228,0.1510970592498779,0.06342668863209698,0.008869179600690263,0.09567496723334633,0.1739161014556884,0.06342668863209698,0.008869179600690263,0.09567496723334633,1.1563169956207275,0.4258649093869369,0.062084257204831836,0.6408912188644706,0.3032760620117187,0.03871499176244881,0.006651884700517696,0.057667103537907376,0.3269209861755371,0.03871499176244881,0.006651884700517696,0.057667103537907376,0.0021350383758544,0.3624382207548399,0.15742793791225215,0.4836173001247232,0.5285651683807373,0.16062602965271314,0.13303769401035392,0.1769331585822158
46,optimal,59.65064525604248,1415.0,473,942,0.0,0.1052227020263671,0.1243816254408171,0.05708245243008282,0.1581740976628644,0.1166918277740478,0.1074204946988875,0.04651162790599341,0.13800424628303604,0.8489780426025391,0.15759717314376256,0.010570824524089412,0.2314225053053989,0.2059080600738525,0.05441696113035748,0.00845665961927153,0.07749469214355101,0.3928248882293701,0.043816254416651476,-0.0021141649048178825,0.06687898089100977,0.000838279724121,0.278445229680011,0.08033826638307953,0.37791932059046796,0.4731481075286865,0.06077738515858108,0.0021141649048178825,0.0902335456466005
47,optimal,23.833564043045044,807.0,313,494,0.0,0.1001849174499511,0.1821561338267391,0.12460063897365493,0.21862348177695093,0.1098051071166992,0.1821561338267391,0.12460063897365493,0.21862348177695093,0.693493127822876,0.4981412639343477,0.08945686900672661,0.7570850202275894,0.1921312808990478,0.19950433704833329,0.21086261980156987,0.19230769230379943,0.2581140995025635,0.14126394051869562,0.1182108626160316,0.15587044534097427,0.0009028911590576,0.2961586121400724,0.30351437698710815,0.2914979757026013,0.2289850711822509,0.22552664188072458,0.22364217251681653,0.22672064776868986
48,optimal,641.0379297733307,1520.0,472,1048,0.0,0.1335022449493408,0.11644736842028654,0.04872881355828964,0.14694656488409405,0.1579940319061279,0.10986842105190876,0.03813559321953103,0.14217557251772733,0.9849388599395752,0.20526315789338645,0.0889830508455724,0.25763358778380124,0.2793290615081787,0.24210526315630196,0.11440677965859307,0.2996183206078281,0.2884700298309326,0.24210526315630196,0.11440677965859307,0.2996183206078281,0.0012707710266113,0.4506578947338773,0.26271186440121375,0.5353053435063425,0.3494689464569092,0.15921052631474206,0.12499999999735169,0.17461832060902083
49,optimal,9472.893946886064,1524.0,433,1091,0.0,0.1222620010375976,0.03215223097091764,0.0577367205529391,0.021998166819230083,0.1558427810668945,0.03215223097091764,0.0577367205529391,0.021998166819230083,0.9918508529663086,0.19422572178350248,0.1339491916828187,0.21814848762403166,0.245035171508789,0.17913385826654113,0.11778290992799577,0.20348304307787826,0.2616817951202392,0.15288713910660837,0.039260969975998594,0.19798350137307075,0.0017230510711669,0.5209973753246654,0.32101616627434143,0.6003666361081543,0.4355099201202392,0.22375328083842683,0.1478060046155241,0.25389550870528055
50,optimal,3401.3387649059296,2456.0,641,1815,0.0,0.1448419094085693,0.07166123778472451,0.09048361934336219,0.065013774104325,0.1665349006652832,0.07084690553717082,0.09048361934336219,0.06391184572967543,1.071497917175293,0.14535830618833323,0.062402496098870476,0.17465564738195782,0.271291971206665,0.06718241042317923,0.07956318252605986,0.06280991735502585,0.2861478328704834,0.06718241042317923,0.07956318252605986,0.06280991735502585,0.0023601055145263,0.3460912052103172,0.09516380655077747,0.43471074379925784,0.5374300479888916,0.08102605863159192,0.08736349453841867,0.0787878787874447
